CustomerID,Age,Gender,AnnualIncome,SpendingScore,Savings,YearsWithCompany,ProductCategory,WebsiteVisitsPerMonth,PurchasedLastMonth
100000,18,Male,46992,15,25413,6,Electronics,10,1
100001,25,Male,65376,49,14815,2,Electronics,10,0
100002,61,Male,76590,67,11545,9,Home,14,1
100003,55,Male,63476,45,14523,7,Electronics,19,1
100004,18,Male,57234,27,13643,5,Fashion,9,1
100005,40,Male,63660,47,16653,4,Fashion,16,0
100006,36,Female,80234,42,13625,9,Home,20,1
100007,55,Male,55318,88,4410,5,Fashion,16,0
100008,67,Male,53080,97,21170,5,Fashion,15,0
100009,29,Male,48026,18,13541,1,Electronics,18,1
100010,44,Female,49720,81,15463,5,Beauty,21,1
100011,19,Female,53455,33,5646,3,Home,15,0
100012,64,Male,51131,65,12277,5,Fashion,18,0
100013,69,Female,48477,23,15643,3,Electronics,13,1
100014,67,Male,50530,8,25609,5,Home,15,1
100015,63,Male,44038,96,20544,4,Fashion,16,1
100016,68,Female,69130,20,13670,4,Electronics,11,1
100017,21,Male,40120,86,20241,6,Beauty,16,1
100018,67,Male,34936,67,4241,8,Home,16,1
100019,64,Female,47723,67,13457,1,Electronics,20,0
100020,50,Female,17798,40,15968,8,Home,12,1
100021,39,Male,55269,48,10575,5,Fashion,9,0
100022,61,Female,62073,41,27917,7,Electronics,17,1
100023,47,Male,56341,33,12626,6,Fashion,20,1
100024,59,Male,56821,52,18195,8,Fashion,17,0
100025,30,Female,63766,48,14151,5,Home,17,0
100026,57,Female,32158,51,16100,3,Fashion,18,1
100027,48,Female,47823,100,13260,5,Fashion,14,1
100028,32,Male,56105,21,22004,1,Home,17,1
100029,43,Male,41498,48,9039,5,Electronics,17,1
100030,32,Male,68568,78,13759,1,Fashion,8,1
100031,18,Female,54839,67,11673,6,Electronics,18,0
100032,47,Male,40913,34,24066,3,Home,19,0
100033,33,Female,52120,62,1092,1,Fashion,15,0
100034,23,Female,40548,27,19240,6,Beauty,14,1
100035,44,Other,19611,88,10360,4,Home,19,1
100036,63,Female,78480,93,17572,8,Electronics,13,1
100037,40,Female,61422,7,20311,3,Electronics,11,0
100038,41,Female,39307,3,17479,2,Electronics,14,1
100039,40,Female,66865,14,7398,8,Fashion,16,1
100040,45,Male,58865,61,17150,5,Fashion,18,0
100041,57,Male,54612,15,5404,6,Fashion,19,0
100042,63,Male,82818,26,24199,6,Home,15,1
100043,54,Female,65988,56,15280,1,Beauty,19,0
100044,59,Other,65562,62,12896,7,Home,19,0
100045,64,Female,44646,81,15056,7,Fashion,16,1
100046,52,Female,64445,26,21828,8,Beauty,12,0
100047,54,Male,19413,44,22848,2,Electronics,15,1
100048,65,Female,36632,77,18374,8,Electronics,13,0
100049,28,Male,32670,24,8462,2,Fashion,14,0
100050,67,Male,81128,51,4364,8,Fashion,10,1
100051,29,Male,62511,31,19200,6,Electronics,14,1
100052,46,Female,44322,14,24125,6,Fashion,11,0
100053,30,Male,39042,80,10410,3,Beauty,18,1
100054,47,Male,51483,47,23296,4,Electronics,24,0
100055,49,Other,49280,2,7828,3,Home,11,1
100056,22,Female,58172,13,8726,8,Home,20,1
100057,46,Female,66812,83,2378,4,Fashion,18,1
100058,27,Female,57285,98,18314,7,Fashion,9,1
100059,56,Male,33283,42,7071,9,Electronics,17,0
100060,34,Male,24870,45,10712,4,Electronics,15,1
100061,18,Female,37712,61,16247,5,Fashion,14,1
100062,32,Male,29914,56,17110,7,Fashion,22,0
100063,28,Male,60557,46,20909,4,Electronics,16,0
100064,48,Female,63963,97,12115,4,Fashion,13,1
100065,29,Female,53932,86,16783,7,Electronics,16,1
100066,62,Male,70297,29,1310,3,Electronics,14,1
100067,18,Male,52513,97,20193,7,Home,18,0
100068,58,Female,21994,48,12675,3,Beauty,20,1
100069,43,Male,22430,43,10562,7,Electronics,18,1
100070,41,Female,45777,44,9348,2,Fashion,6,1
100071,69,Female,75935,81,11600,7,Home,11,0
100072,51,Female,43957,83,13406,3,Home,17,1
100073,50,Female,70613,53,18675,6,Electronics,17,1
100074,33,Male,39231,55,20609,7,Electronics,16,1
100075,22,Female,67691,5,4487,6,Electronics,21,1
100076,26,Female,23331,39,3750,7,Fashion,13,1
100077,27,Female,54895,50,18150,5,Electronics,19,1
100078,26,Male,36291,18,12682,9,Electronics,12,0
100079,27,Female,56678,98,16512,4,Home,13,0
100080,27,Female,78143,28,15248,1,Home,16,0
100081,67,Male,52405,29,10070,5,Home,15,1
100082,47,Male,56445,30,13464,3,Fashion,11,0
100083,52,Female,62125,25,20534,7,Fashion,12,1
100084,39,Female,48791,74,13008,6,Fashion,19,1
100085,42,Female,41109,42,19665,5,Fashion,15,0
100086,22,Male,40495,77,19470,7,Fashion,17,0
100087,35,Male,50334,24,12891,4,Electronics,15,0
100088,25,Male,49750,78,13979,4,Fashion,16,1
100089,46,Female,67874,53,11219,1,Beauty,13,1
100090,63,Female,24686,37,14782,8,Electronics,10,1
100091,53,Male,43817,21,11527,7,Electronics,19,1
100092,19,Female,43461,1,1752,5,Electronics,18,1
100093,26,Female,27410,39,11276,1,Beauty,22,1
100094,68,Male,43241,32,18482,3,Electronics,17,1
100095,22,Male,37102,17,24512,2,Electronics,13,1
100096,40,Female,58534,94,20495,7,Home,18,1
100097,49,Female,52024,81,23402,9,Home,14,1
100098,35,Male,44070,16,21769,9,Home,20,0
100099,68,Female,46066,89,23257,2,Beauty,13,1
100100,61,Male,61872,89,23283,2,Home,11,1
100101,30,Female,64004,91,16236,7,Electronics,11,1
100102,21,Female,50958,24,21446,1,Fashion,17,1
100103,65,Female,46034,89,24640,6,Beauty,17,1
100104,18,Male,38499,9,25644,1,Fashion,22,0
100105,41,Male,68607,40,15061,7,Home,21,1
100106,56,Other,50635,56,7508,5,Beauty,13,0
100107,65,Male,55948,11,11635,1,Electronics,14,1
100108,42,Female,81718,38,20081,7,Electronics,11,1
100109,20,Female,41300,18,16987,3,Home,14,1
100110,67,Male,35879,80,13701,7,Home,18,0
100111,29,Male,30584,45,18704,5,Fashion,11,1
100112,62,Male,59351,15,17331,7,Fashion,12,1
100113,31,Female,58561,40,12374,1,Fashion,10,1
100114,23,Male,48414,61,12278,7,Electronics,17,1
100115,56,Female,70979,20,13356,3,Fashion,14,0
100116,24,Female,50297,36,14898,4,Fashion,16,1
100117,67,Female,75313,21,16086,1,Electronics,13,1
100118,51,Male,25528,19,8772,5,Fashion,14,1
100119,40,Male,43516,72,28979,3,Fashion,22,1
100120,29,Male,38016,55,16888,2,Electronics,15,1
100121,66,Female,47288,80,3354,3,Electronics,15,1
100122,61,Female,75663,79,9456,4,Fashion,13,1
100123,39,Female,20749,8,16455,1,Beauty,14,1
100124,44,Female,40686,75,18253,2,Electronics,11,1
100125,50,Female,54557,68,10550,1,Beauty,21,0
100126,35,Female,49741,3,17237,2,Electronics,11,1
100127,57,Male,61747,85,12424,2,Electronics,12,1
100128,31,Female,45198,8,19011,6,Beauty,19,1
100129,55,Female,42784,38,8413,4,Home,10,1
100130,50,Female,59706,82,24834,1,Home,9,1
100131,29,Female,41351,4,20987,9,Electronics,18,0
100132,44,Female,54109,86,12723,8,Electronics,7,1
100133,54,Female,59589,24,19679,5,Electronics,14,0
100134,47,Other,61043,65,10270,6,Home,19,1
100135,37,Other,34619,96,14805,7,Beauty,11,1
100136,39,Other,54297,34,12847,6,Beauty,9,0
100137,61,Female,57674,34,17877,5,Electronics,13,1
100138,58,Female,47366,25,13218,5,Electronics,13,1
100139,43,Female,67341,67,15971,7,Electronics,14,0
100140,68,Male,22157,97,17071,3,Home,15,1
100141,56,Male,27794,58,7839,3,Beauty,9,1
100142,21,Female,82887,58,14801,2,Fashion,13,1
100143,66,Female,47747,98,9090,9,Home,18,1
100144,43,Female,33499,70,4085,5,Fashion,14,1
100145,53,Female,58648,65,12109,3,Fashion,10,1
100146,36,Female,58265,66,8838,9,Electronics,17,1
100147,54,Female,43855,32,7907,8,Home,10,1
100148,30,Male,47115,89,14576,5,Beauty,14,0
100149,53,Female,58018,92,10474,2,Fashion,19,1
100150,38,Male,56099,65,11655,2,Home,14,1
100151,31,Male,47908,2,13932,6,Home,18,1
100152,40,Female,27725,62,15120,5,Beauty,13,1
100153,44,Female,52781,89,15101,3,Fashion,19,1
100154,63,Male,60792,79,18381,6,Beauty,10,0
100155,68,Other,65967,99,15582,5,Fashion,19,1
100156,66,Other,25924,53,23620,8,Electronics,21,1
100157,45,Female,54274,2,17491,4,Fashion,17,0
100158,21,Male,55315,79,12273,1,Fashion,14,1
100159,31,Female,46207,9,19506,8,Fashion,15,1
100160,32,Male,33287,43,15932,2,Electronics,11,1
100161,36,Female,42943,34,17200,4,Home,11,0
100162,62,Male,52989,76,9405,2,Home,10,1
100163,18,Female,26382,35,12751,4,Electronics,15,1
100164,20,Male,68818,54,12059,6,Electronics,15,1
100165,38,Male,49443,91,11628,4,Beauty,17,1
100166,57,Male,55405,84,17848,6,Home,12,1
100167,62,Female,33461,88,6932,5,Electronics,16,1
100168,32,Male,27449,32,26603,7,Beauty,20,1
100169,48,Male,57602,17,15229,5,Electronics,13,0
100170,55,Female,55168,10,6526,7,Electronics,14,0
100171,52,Other,52481,23,22102,4,Electronics,13,1
100172,35,Female,61729,42,19237,7,Beauty,13,0
100173,45,Male,64919,5,21552,2,Beauty,17,1
100174,19,Male,23876,15,6082,2,Electronics,17,0
100175,53,Female,9939,84,18720,3,Electronics,17,1
100176,48,Male,47063,25,14088,1,Fashion,16,1
100177,25,Female,48862,10,9927,3,Home,5,1
100178,32,Female,75097,93,14057,6,Fashion,19,1
100179,32,Female,64926,67,18061,8,Electronics,14,1
100180,44,Other,24790,83,23499,8,Home,12,0
100181,52,Female,63370,50,20872,5,Home,17,0
100182,42,Female,55732,4,5962,9,Home,12,1
100183,60,Male,36965,3,16975,4,Electronics,9,1
100184,64,Male,63065,24,16898,2,Fashion,12,1
100185,60,Female,46127,70,22643,3,Fashion,14,1
100186,63,Female,50961,3,16374,9,Electronics,16,0
100187,29,Female,60196,12,13258,6,Electronics,9,1
100188,52,Female,21192,7,20124,5,Electronics,17,1
100189,37,Female,55913,77,14340,6,Electronics,20,0
100190,33,Male,39942,70,15659,7,Electronics,16,1
100191,59,Other,35711,12,13175,4,Fashion,15,0
100192,18,Male,65519,74,13353,4,Beauty,13,1
100193,25,Male,52988,61,18021,7,Home,8,0
100194,22,Female,39701,36,17582,7,Electronics,13,1
100195,58,Male,43617,65,15626,8,Fashion,17,1
100196,22,Female,35490,15,8989,3,Electronics,18,1
100197,56,Male,64507,58,16323,5,Home,15,1
100198,32,Male,29559,54,14002,9,Electronics,13,1
100199,69,Female,49769,67,18523,4,Beauty,16,0
100200,66,Male,50099,3,13064,6,Home,12,1
100201,28,Female,43979,58,15084,7,Home,20,0
100202,39,Male,64617,82,16015,2,Home,13,0
100203,59,Female,47784,67,18246,2,Fashion,28,0
100204,58,Other,41039,35,4427,5,Fashion,13,1
100205,31,Female,66696,22,18934,5,Home,13,1
100206,56,Female,62142,53,15196,3,Electronics,15,1
100207,25,Female,67617,24,6047,3,Fashion,10,1
100208,41,Female,37400,27,11660,3,Fashion,15,1
100209,48,Male,65847,68,17618,3,Fashion,13,1
100210,42,Female,65225,72,20216,1,Beauty,15,1
100211,64,Female,43038,96,15740,6,Electronics,19,0
100212,47,Female,43373,28,16159,3,Electronics,15,1
100213,69,Female,42494,27,14944,3,Home,16,0
100214,56,Female,47864,8,18793,8,Electronics,17,1
100215,19,Male,52130,34,21488,1,Electronics,13,1
100216,68,Female,31133,25,18190,5,Fashion,14,1
100217,18,Male,64499,42,13699,4,Home,14,1
100218,68,Female,66678,67,18576,4,Fashion,26,0
100219,51,Male,67333,18,10393,9,Home,13,1
100220,62,Other,25889,10,4792,9,Electronics,8,1
100221,66,Female,54670,3,14611,7,Electronics,15,1
100222,35,Female,52213,71,14600,1,Electronics,14,0
100223,58,Female,62530,67,23806,9,Fashion,17,0
100224,33,Female,52080,70,18259,2,Fashion,18,1
100225,59,Male,27333,6,21358,1,Fashion,13,1
100226,56,Female,31443,54,8486,1,Electronics,18,1
100227,53,Female,31363,73,13983,3,Home,14,1
100228,27,Female,55376,72,10841,8,Electronics,16,0
100229,26,Male,51139,53,12009,6,Electronics,17,0
100230,36,Male,19491,42,17720,2,Home,19,1
100231,27,Female,30967,5,23779,2,Home,17,0
100232,45,Female,48804,96,10450,1,Fashion,16,1
100233,61,Male,14549,67,21127,1,Electronics,23,1
100234,52,Male,41991,16,21535,1,Beauty,12,0
100235,65,Male,77226,92,18681,5,Fashion,16,0
100236,68,Female,43488,46,16859,7,Home,10,0
100237,67,Male,66303,49,14143,1,Fashion,15,1
100238,53,Male,32315,82,20084,4,Electronics,15,1
100239,65,Female,36845,14,17716,6,Fashion,16,0
100240,61,Male,34735,98,7599,3,Electronics,12,1
100241,20,Male,67175,23,8891,5,Electronics,14,1
100242,18,Male,41973,20,25771,5,Fashion,18,0
100243,31,Male,55304,8,16079,5,Home,20,0
100244,55,Female,28919,77,24212,2,Fashion,10,1
100245,34,Male,32776,61,17729,7,Home,17,0
100246,65,Male,77803,20,18813,8,Fashion,15,1
100247,60,Male,41145,50,18447,9,Electronics,13,0
100248,60,Female,67087,27,16675,1,Beauty,10,1
100249,54,Male,52332,88,17266,9,Fashion,17,1
100250,49,Male,52684,84,11723,4,Electronics,19,1
100251,35,Male,24186,38,12850,6,Electronics,9,1
100252,27,Female,41403,9,21664,7,Home,17,1
100253,41,Male,40035,9,16077,9,Electronics,26,0
100254,49,Male,45325,86,23013,9,Electronics,9,1
100255,60,Female,39965,74,11638,9,Fashion,18,0
100256,31,Female,77213,5,20331,8,Fashion,15,1
100257,50,Male,23401,16,17179,5,Electronics,12,1
100258,27,Female,14062,30,12474,3,Home,19,0
100259,57,Female,52872,87,16118,7,Fashion,16,1
100260,43,Male,58343,88,11952,7,Electronics,10,0
100261,24,Male,74860,69,18036,6,Electronics,18,1
100262,47,Female,61699,99,15364,4,Home,22,1
100263,44,Male,58577,34,24570,3,Fashion,15,1
100264,56,Female,72598,90,4363,8,Fashion,21,1
100265,46,Female,47247,51,8949,3,Electronics,16,0
100266,39,Female,58093,47,19640,5,Electronics,17,1
100267,32,Male,27767,97,13606,5,Home,14,1
100268,23,Female,39372,46,21427,9,Electronics,17,1
100269,45,Male,49447,78,15597,9,Beauty,15,0
100270,43,Female,39966,85,13209,2,Fashion,16,1
100271,22,Male,51824,58,19253,5,Fashion,12,1
100272,51,Male,72179,94,18068,2,Electronics,10,1
100273,18,Female,77365,16,19215,6,Fashion,14,1
100274,61,Female,44888,94,8516,5,Electronics,14,1
100275,38,Male,59331,73,18652,4,Fashion,16,0
100276,47,Male,32875,27,26903,3,Electronics,18,1
100277,56,Female,43329,61,19729,1,Home,12,1
100278,61,Female,52875,40,10820,6,Electronics,15,1
100279,27,Female,36166,99,19511,4,Home,18,0
100280,66,Male,48138,20,17233,4,Electronics,12,1
100281,53,Male,44625,69,13008,2,Fashion,16,1
100282,66,Male,41584,66,14573,8,Home,14,1
100283,53,Female,25221,33,18398,5,Fashion,11,0
100284,29,Male,71133,80,13800,4,Beauty,21,1
100285,67,Male,54692,50,14225,3,Home,22,0
100286,50,Male,53956,74,17143,6,Electronics,21,1
100287,25,Female,45223,30,8015,1,Home,10,1
100288,31,Female,79855,4,15950,7,Electronics,15,0
100289,30,Female,27099,13,14461,4,Electronics,17,1
100290,20,Female,76645,10,16460,9,Electronics,13,0
100291,43,Female,46207,58,15429,7,Electronics,19,1
100292,59,Male,54175,37,19412,2,Beauty,18,1
100293,64,Other,34289,15,24407,9,Fashion,21,0
100294,32,Female,38759,61,18593,1,Electronics,17,1
100295,57,Male,56916,77,21342,6,Fashion,14,0
100296,55,Male,37043,73,16371,4,Electronics,21,1
100297,22,Female,50507,100,14990,5,Beauty,14,1
100298,69,Male,62432,32,16683,8,Home,15,1
100299,59,Male,39599,64,16320,2,Home,25,1
100300,52,Male,55266,80,5434,6,Home,23,1
100301,63,Female,60996,20,22562,2,Electronics,14,1
100302,25,Female,48301,61,22569,4,Electronics,13,1
100303,58,Female,34678,84,20112,7,Beauty,13,1
100304,56,Other,52615,68,14175,4,Electronics,16,1
100305,37,Female,27029,45,14996,6,Electronics,20,1
100306,65,Female,52711,38,20112,2,Electronics,11,1
100307,58,Other,34809,82,10928,4,Beauty,12,1
100308,68,Male,45238,70,16172,5,Electronics,17,1
100309,38,Female,41224,34,13143,2,Fashion,14,1
100310,51,Female,47111,78,17411,3,Electronics,14,0
100311,46,Male,54729,81,18674,2,Electronics,18,1
100312,51,Male,29132,41,16311,3,Fashion,17,1
100313,24,Male,49240,20,15825,9,Home,13,0
100314,68,Male,61844,25,15406,2,Home,18,1
100315,41,Female,53502,94,13146,2,Home,13,0
100316,26,Female,61411,66,12855,2,Home,17,0
100317,51,Female,34541,96,9912,7,Electronics,15,1
100318,57,Male,37435,40,19151,4,Fashion,13,0
100319,52,Male,35281,17,14604,7,Fashion,13,1
100320,32,Female,56610,92,6119,6,Home,19,0
100321,39,Female,38718,100,17048,3,Electronics,13,1
100322,28,Female,59886,34,10415,1,Beauty,21,1
100323,53,Male,40447,85,14392,4,Beauty,17,1
100324,31,Male,44327,65,14992,9,Electronics,11,0
100325,51,Female,36056,87,18197,3,Fashion,16,1
100326,40,Other,38785,41,4204,5,Beauty,13,0
100327,42,Female,53908,55,15741,3,Electronics,14,0
100328,37,Male,59197,71,13147,1,Electronics,21,1
100329,45,Female,68810,26,6434,4,Home,16,0
100330,34,Female,44181,41,13117,1,Electronics,14,1
100331,39,Female,55792,38,18155,7,Home,14,0
100332,61,Male,51922,77,17652,7,Fashion,23,1
100333,42,Male,57276,52,18258,2,Beauty,11,0
100334,62,Female,51573,28,13157,6,Home,11,0
100335,49,Female,19062,67,11776,6,Home,19,1
100336,42,Female,53831,58,25234,2,Electronics,10,1
100337,52,Female,33941,28,16078,4,Fashion,20,0
100338,22,Male,29508,1,9142,8,Electronics,13,1
100339,44,Female,52937,26,20493,1,Electronics,24,0
100340,29,Female,57559,2,20827,4,Fashion,10,0
100341,60,Male,19589,97,18772,4,Electronics,17,1
100342,68,Female,31599,56,16852,8,Fashion,9,1
100343,28,Female,33428,55,18456,9,Electronics,18,0
100344,42,Female,54777,64,7202,3,Electronics,20,1
100345,56,Female,45800,83,13385,1,Fashion,6,1
100346,25,Female,40894,36,17623,8,Electronics,15,1
100347,30,Female,28815,99,8631,6,Electronics,14,0
100348,63,Female,59388,22,15244,8,Fashion,9,1
100349,45,Male,56260,36,5629,5,Electronics,16,1
100350,51,Male,47972,13,24656,7,Home,20,0
100351,18,Other,42308,50,14933,5,Home,14,0
100352,42,Male,71533,9,12419,9,Home,9,1
100353,26,Male,28959,92,11662,7,Home,17,1
100354,55,Male,72049,88,16631,2,Beauty,11,0
100355,22,Female,69793,26,23303,8,Home,11,1
100356,46,Male,39234,74,18502,5,Fashion,9,1
100357,24,Other,29098,63,5148,7,Home,16,1
100358,26,Male,58729,52,13039,3,Fashion,10,1
100359,28,Male,28747,51,21593,9,Electronics,10,1
100360,37,Male,63510,89,22604,1,Electronics,16,1
100361,69,Female,40797,67,18007,2,Electronics,16,1
100362,64,Female,48516,15,16438,7,Fashion,12,1
100363,18,Female,37585,39,16081,3,Fashion,13,0
100364,19,Male,-1203,30,14447,4,Home,15,0
100365,61,Female,29521,51,2311,2,Fashion,19,1
100366,29,Female,38694,91,7740,8,Electronics,17,0
100367,31,Female,70477,42,20280,3,Fashion,9,0
100368,23,Female,51486,86,17972,3,Electronics,12,0
100369,57,Male,49473,32,24267,9,Electronics,15,0
100370,25,Female,45043,94,16422,7,Fashion,14,1
100371,18,Male,64115,89,11073,5,Home,17,0
100372,69,Male,45967,19,20676,4,Electronics,13,1
100373,31,Male,65685,82,11943,7,Home,12,1
100374,38,Male,60808,73,17010,5,Home,16,1
100375,25,Female,44985,16,18517,3,Fashion,17,1
100376,51,Male,42754,51,26316,7,Home,22,0
100377,32,Male,37145,19,18669,2,Fashion,11,1
100378,58,Male,65452,82,16376,9,Electronics,20,0
100379,69,Female,46350,28,13075,3,Home,19,0
100380,25,Male,68391,33,18641,9,Beauty,11,1
100381,59,Female,62895,16,18680,2,Fashion,15,1
100382,52,Female,56390,82,17890,3,Electronics,16,0
100383,23,Female,40707,83,21746,5,Fashion,6,1
100384,61,Male,38256,58,13588,6,Beauty,17,0
100385,22,Female,3645,5,23227,4,Home,13,1
100386,66,Female,40742,54,8681,5,Fashion,12,1
100387,32,Female,48993,97,16700,4,Fashion,23,0
100388,25,Male,72302,77,12154,3,Electronics,20,1
100389,49,Male,39223,67,16230,9,Electronics,9,1
100390,30,Male,40380,59,21839,6,Electronics,12,1
100391,56,Male,70631,51,16588,4,Electronics,16,0
100392,25,Male,74621,31,16790,4,Fashion,15,0
100393,62,Female,21947,62,3883,6,Beauty,18,0
100394,51,Male,40606,81,25744,3,Fashion,8,0
100395,33,Male,70283,54,12083,5,Electronics,17,0
100396,38,Male,19904,23,15717,5,Electronics,13,1
100397,35,Female,55925,29,13493,8,Home,15,1
100398,60,Female,54487,32,19669,8,Electronics,11,1
100399,20,Female,49433,61,21595,7,Electronics,15,0
100400,35,Male,69138,2,8545,4,Electronics,14,0
100401,59,Male,58206,45,22042,9,Fashion,13,0
100402,18,Female,23711,21,11356,5,Electronics,16,1
100403,65,Female,35202,67,26583,9,Home,17,1
100404,35,Female,53021,8,20467,8,Fashion,18,0
100405,67,Female,23530,37,17238,2,Fashion,21,1
100406,58,Male,25611,24,16346,7,Fashion,13,1
100407,34,Female,38031,10,14864,7,Beauty,15,1
100408,20,Male,62644,39,18534,6,Home,17,1
100409,63,Male,47249,19,16654,2,Home,15,1
100410,59,Male,28169,32,20854,2,Home,15,1
100411,31,Female,44728,67,10992,3,Fashion,19,0
100412,66,Female,74529,92,12089,4,Home,21,1
100413,53,Male,50646,58,9525,5,Home,13,1
100414,68,Female,39788,35,10109,9,Home,14,0
100415,59,Female,53868,44,23612,6,Home,21,1
100416,25,Male,54828,83,13810,2,Beauty,12,0
100417,60,Female,59597,49,14469,5,Electronics,15,1
100418,43,Male,44515,71,17813,4,Home,10,1
100419,34,Female,60299,40,14906,4,Electronics,15,0
100420,65,Female,15630,2,16502,6,Electronics,15,1
100421,34,Female,59483,48,12421,5,Electronics,12,1
100422,22,Male,44672,9,12173,1,Beauty,16,0
100423,18,Female,73200,83,19963,5,Electronics,18,1
100424,49,Male,47744,77,13267,6,Home,11,0
100425,59,Male,63891,5,16450,1,Electronics,11,0
100426,24,Female,45036,45,10602,2,Electronics,18,1
100427,30,Female,39881,75,12476,9,Electronics,19,0
100428,45,Female,62136,70,21016,7,Home,18,1
100429,25,Male,54883,39,20227,4,Fashion,17,1
100430,24,Female,34179,98,12123,2,Fashion,23,1
100431,67,Female,73319,63,16068,8,Fashion,22,1
100432,69,Male,65439,83,22615,8,Home,15,0
100433,35,Male,56575,86,18782,7,Electronics,22,1
100434,32,Male,37836,91,23790,6,Beauty,9,0
100435,47,Female,26068,77,17018,9,Home,13,0
100436,52,Female,66335,93,12599,6,Electronics,9,1
100437,45,Male,56981,5,10954,6,Electronics,10,0
100438,56,Male,80019,92,14824,2,Beauty,18,1
100439,53,Female,38024,58,7720,9,Electronics,15,0
100440,34,Female,53961,54,10158,1,Fashion,16,1
100441,29,Female,53169,23,3684,8,Home,16,1
100442,19,Female,75086,88,16079,7,Home,10,1
100443,65,Female,71584,4,17470,8,Home,12,1
100444,57,Male,54847,38,13500,7,Beauty,13,0
100445,61,Male,49259,89,19584,5,Electronics,7,1
100446,64,Female,65152,2,15547,4,Electronics,18,1
100447,21,Male,74088,10,20211,5,Home,19,0
100448,43,Male,59805,64,17956,5,Fashion,14,0
100449,68,Female,40000,15,10382,8,Home,14,1
100450,24,Male,32650,35,17228,9,Electronics,19,1
100451,55,Male,46513,94,14309,2,Electronics,13,1
100452,36,Female,39833,92,12467,7,Beauty,18,1
100453,31,Female,43878,87,9183,6,Home,16,1
100454,24,Male,46268,9,14334,2,Electronics,16,1
100455,44,Female,49443,80,6473,4,Electronics,19,1
100456,51,Female,46901,48,10357,8,Fashion,17,1
100457,45,Female,49625,32,13938,5,Beauty,12,1
100458,58,Male,70095,25,25321,6,Electronics,13,0
100459,61,Male,30169,28,24428,2,Electronics,12,1
100460,38,Other,63653,62,9373,3,Electronics,15,0
100461,27,Other,41269,83,13971,1,Beauty,15,0
100462,38,Male,35158,76,15193,8,Electronics,18,1
100463,59,Female,64141,70,15565,8,Beauty,13,0
100464,44,Male,38430,93,10437,1,Beauty,9,1
100465,32,Female,48306,17,18896,5,Home,12,1
100466,64,Female,33913,66,14572,1,Fashion,12,1
100467,62,Male,40738,77,12705,2,Fashion,7,0
100468,44,Male,41438,42,7518,5,Electronics,16,0
100469,20,Male,37780,49,17547,6,Electronics,11,1
100470,64,Female,65708,100,8471,4,Electronics,16,1
100471,33,Female,74442,72,11818,2,Fashion,8,0
100472,56,Female,15761,27,17137,8,Home,25,0
100473,64,Male,74388,65,17862,9,Home,15,1
100474,30,Male,46886,73,19693,9,Home,14,0
100475,43,Male,71981,86,15372,5,Electronics,14,1
100476,64,Male,70324,39,14412,6,Electronics,18,1
100477,45,Female,37168,41,16895,3,Electronics,15,1
100478,61,Male,37686,64,7496,6,Electronics,17,1
100479,30,Female,80892,51,8934,1,Home,15,1
100480,39,Male,39416,3,7749,5,Home,19,1
100481,36,Female,43650,67,13312,2,Beauty,10,0
100482,22,Other,39016,77,22924,5,Electronics,13,0
100483,41,Male,42211,10,11287,1,Home,20,1
100484,52,Female,51967,10,15886,7,Electronics,18,0
100485,53,Other,39413,42,16918,6,Home,14,1
100486,53,Female,22301,5,13384,4,Fashion,17,1
100487,46,Male,58224,86,19214,4,Home,19,1
100488,54,Female,59578,96,4126,8,Fashion,14,0
100489,43,Female,19163,52,10728,9,Home,16,1
100490,52,Female,38370,41,21173,4,Fashion,9,1
100491,56,Male,16214,58,6955,5,Fashion,16,0
100492,69,Male,55667,34,20339,6,Electronics,17,0
100493,65,Male,39471,73,13950,3,Electronics,19,1
100494,68,Male,49105,20,9540,6,Electronics,16,1
100495,65,Male,43869,93,12460,4,Home,14,0
100496,51,Female,50693,73,17548,3,Home,16,1
100497,54,Female,51987,87,19553,7,Fashion,15,0
100498,45,Male,66462,14,11803,4,Fashion,11,0
100499,46,Female,38661,45,9881,9,Electronics,16,1
100500,38,Male,63403,59,5736,6,Electronics,15,1
100501,66,Female,48132,49,19022,7,Home,9,1
100502,44,Female,75288,62,12691,2,Electronics,16,1
100503,27,Male,69031,70,20206,8,Electronics,14,1
100504,53,Female,52968,75,13051,3,Electronics,24,0
100505,69,Male,43485,20,18066,6,Electronics,24,1
100506,37,Male,38918,69,8520,7,Home,19,0
100507,18,Male,59418,61,13420,8,Home,11,1
100508,20,Male,74685,1,16657,6,Fashion,15,1
100509,54,Female,49420,41,11020,1,Fashion,18,0
100510,69,Female,39009,83,14444,3,Fashion,20,1
100511,27,Male,51170,66,17346,1,Beauty,14,1
100512,58,Male,59013,13,13484,6,Fashion,18,1
100513,64,Female,16619,30,20600,5,Electronics,21,1
100514,21,Other,27129,38,12708,7,Electronics,18,1
100515,62,Female,45546,54,9299,9,Electronics,19,1
100516,46,Female,44164,19,10636,7,Beauty,14,1
100517,33,Female,64382,27,24727,1,Electronics,15,0
100518,50,Female,39518,33,14868,8,Fashion,11,0
100519,32,Male,24936,29,17331,8,Electronics,16,1
100520,62,Female,35112,66,11196,4,Beauty,16,1
100521,62,Male,19226,59,21103,6,Electronics,22,0
100522,69,Male,40745,79,20180,8,Electronics,15,1
100523,57,Female,47147,81,18293,2,Fashion,18,1
100524,29,Male,37865,58,20390,7,Beauty,13,0
100525,51,Male,50494,64,22485,2,Home,10,1
100526,67,Other,79688,28,12189,8,Home,13,1
100527,40,Male,40629,99,12648,2,Beauty,14,1
100528,23,Male,53041,21,15476,6,Fashion,19,1
100529,47,Female,54765,15,18017,8,Electronics,16,0
100530,49,Female,52330,37,14490,6,Fashion,17,1
100531,37,Male,41580,10,27185,3,Fashion,20,1
100532,43,Other,48866,79,19975,2,Fashion,13,1
100533,38,Male,59830,44,18992,5,Beauty,18,1
100534,62,Female,61625,66,14305,3,Electronics,10,1
100535,20,Female,60790,33,12898,7,Beauty,14,0
100536,28,Male,48048,92,19944,4,Electronics,13,1
100537,54,Female,27243,47,12345,4,Beauty,21,1
100538,28,Female,34118,12,26560,4,Electronics,16,0
100539,65,Male,57861,21,6486,3,Electronics,18,1
100540,52,Female,70714,85,11152,5,Fashion,16,1
100541,24,Female,33034,97,16049,2,Fashion,11,1
100542,69,Male,43546,64,8904,2,Fashion,15,1
100543,19,Female,52270,42,16851,2,Home,8,1
100544,25,Male,43308,14,5767,4,Electronics,19,1
100545,62,Other,29680,70,14900,2,Electronics,15,0
100546,24,Female,47201,65,10223,3,Electronics,22,1
100547,30,Male,34856,53,12773,6,Electronics,13,1
100548,31,Female,27917,92,14266,7,Fashion,12,1
100549,49,Female,44965,14,21835,6,Electronics,19,1
100550,57,Male,56161,52,14791,4,Electronics,12,1
100551,32,Male,47525,1,11588,8,Home,15,1
100552,63,Male,65851,74,17480,8,Beauty,15,1
100553,44,Other,46646,77,11536,8,Fashion,14,1
100554,43,Male,25321,93,15663,7,Fashion,11,1
100555,57,Male,69795,88,11655,9,Fashion,16,1
100556,38,Female,44348,54,14435,7,Electronics,17,1
100557,30,Male,42543,3,14892,9,Fashion,17,1
100558,29,Male,60431,72,15658,2,Home,17,0
100559,30,Female,41705,33,11097,6,Electronics,12,0
100560,23,Male,66826,2,19674,6,Electronics,14,0
100561,44,Female,35799,23,10367,7,Fashion,17,1
100562,39,Female,23215,70,21109,1,Fashion,13,1
100563,54,Male,41578,23,13070,6,Electronics,15,0
100564,55,Female,22737,95,14210,6,Electronics,14,1
100565,55,Male,60461,22,16893,1,Fashion,23,1
100566,21,Male,56822,95,15547,3,Fashion,22,0
100567,32,Female,49138,61,14724,8,Electronics,11,1
100568,67,Male,69661,9,19113,8,Electronics,14,1
100569,42,Male,56112,81,16594,4,Electronics,19,0
100570,24,Female,48073,18,14258,6,Home,22,0
100571,59,Male,33913,97,17586,2,Home,10,1
100572,22,Female,35549,91,8130,7,Fashion,14,1
100573,69,Male,45407,82,21616,4,Electronics,15,1
100574,53,Female,46924,77,19981,5,Beauty,16,1
100575,62,Male,76343,77,19831,4,Fashion,15,1
100576,67,Male,41302,97,18598,7,Beauty,7,0
100577,19,Male,58369,62,15575,1,Electronics,15,1
100578,50,Male,27758,24,20270,7,Electronics,16,1
100579,52,Female,26459,35,10299,7,Fashion,15,0
100580,63,Female,47465,100,11589,1,Electronics,17,0
100581,54,Male,61449,95,19247,9,Electronics,11,1
100582,27,Male,41820,2,20931,2,Electronics,12,0
100583,66,Female,81741,33,20577,5,Fashion,16,1
100584,50,Female,19968,72,18062,7,Fashion,16,0
100585,33,Male,53652,74,16233,7,Fashion,16,1
100586,58,Male,49459,19,15326,5,Fashion,11,0
100587,53,Female,31529,48,17608,5,Fashion,12,1
100588,38,Male,59669,56,12484,7,Electronics,20,1
100589,20,Female,62797,14,17082,9,Home,25,1
100590,18,Male,51055,28,13288,5,Home,18,0
100591,30,Female,62722,72,13679,7,Beauty,13,0
100592,56,Male,41023,22,14874,7,Beauty,15,1
100593,44,Female,46395,44,19295,2,Electronics,12,0
100594,63,Female,56579,61,12691,2,Fashion,13,0
100595,65,Female,59226,80,12333,2,Fashion,15,0
100596,34,Male,73854,33,18499,2,Fashion,19,0
100597,39,Male,66312,46,13332,2,Beauty,15,1
100598,65,Male,38322,23,15628,9,Electronics,22,1
100599,18,Female,60835,69,17409,2,Fashion,12,1
100600,21,Female,40051,26,19226,4,Home,21,1
100601,34,Female,36010,33,8998,9,Electronics,20,1
100602,48,Male,27549,35,17472,8,Home,12,1
100603,64,Female,50997,3,4266,1,Fashion,11,1
100604,59,Male,48060,66,17585,6,Beauty,18,1
100605,39,Male,23209,22,12657,1,Home,11,1
100606,42,Female,20972,76,4872,3,Fashion,9,1
100607,63,Male,51523,81,14793,6,Fashion,1,1
100608,69,Female,25064,38,13323,5,Beauty,22,1
100609,46,Male,62431,99,15232,2,Electronics,15,0
100610,66,Male,46352,31,15252,6,Electronics,16,1
100611,64,Female,54539,7,8099,3,Fashion,10,1
100612,48,Female,27436,20,14371,1,Beauty,19,1
100613,28,Male,36012,44,13416,5,Electronics,16,1
100614,59,Female,45473,97,15358,2,Fashion,12,1
100615,28,Male,44308,62,17929,1,Fashion,15,1
100616,61,Other,27269,87,15279,9,Fashion,16,1
100617,20,Female,34833,39,18328,3,Electronics,8,1
100618,32,Other,54484,65,6155,1,Beauty,17,1
100619,53,Female,55243,68,16074,4,Fashion,13,1
100620,32,Female,43276,100,12354,6,Fashion,7,1
100621,69,Male,56627,32,23148,4,Electronics,14,0
100622,42,Male,43049,73,14800,8,Home,18,1
100623,57,Male,52566,13,12319,2,Electronics,15,1
100624,57,Female,37948,7,19528,1,Electronics,11,1
100625,58,Male,43325,84,17502,6,Fashion,12,1
100626,35,Male,55773,85,11940,9,Fashion,14,0
100627,34,Male,76641,49,6522,6,Electronics,11,1
100628,25,Female,29572,48,15229,6,Beauty,18,1
100629,24,Female,22561,95,12219,8,Electronics,19,1
100630,24,Male,55924,100,21501,4,Home,18,1
100631,35,Female,30898,17,12171,6,Electronics,12,1
100632,68,Female,32279,74,12020,5,Electronics,16,1
100633,49,Female,20370,72,24702,8,Electronics,10,0
100634,25,Female,64659,24,16927,3,Home,12,0
100635,60,Male,26630,61,11362,6,Home,9,0
100636,46,Female,36163,73,12326,2,Electronics,12,0
100637,40,Female,17244,91,11362,6,Electronics,16,1
100638,61,Female,33340,2,19442,9,Electronics,18,1
100639,64,Female,51069,26,14547,4,Beauty,15,0
100640,32,Female,44615,46,15116,6,Fashion,12,1
100641,43,Male,43132,13,8753,8,Electronics,14,1
100642,33,Male,42748,55,21350,2,Fashion,14,1
100643,31,Female,40079,33,23569,4,Beauty,12,1
100644,51,Male,37928,27,16018,2,Electronics,12,0
100645,56,Female,56907,58,13741,7,Electronics,16,0
100646,55,Male,56791,67,24230,8,Electronics,12,1
100647,20,Female,55888,85,6083,4,Home,20,1
100648,67,Female,49609,39,13437,5,Beauty,11,1
100649,49,Female,27232,86,20152,3,Fashion,20,1
100650,61,Female,36507,9,16354,4,Fashion,19,0
100651,56,Male,54704,19,19929,4,Electronics,14,1
100652,60,Female,45596,39,7408,3,Fashion,17,1
100653,26,Female,39232,38,12451,1,Home,14,0
100654,38,Female,66169,15,10510,8,Electronics,17,1
100655,50,Male,53580,14,10989,1,Electronics,11,1
100656,21,Male,75844,34,17311,1,Fashion,19,0
100657,41,Female,15340,55,11527,1,Fashion,13,1
100658,44,Male,54091,45,16053,3,Electronics,9,0
100659,50,Female,47523,87,28952,5,Home,15,1
100660,46,Male,32914,77,19747,8,Fashion,11,1
100661,69,Female,29804,48,8122,9,Beauty,13,1
100662,56,Female,77880,98,13005,5,Electronics,21,1
100663,40,Male,34684,45,14452,8,Fashion,16,1
100664,65,Female,65071,65,18841,6,Beauty,8,0
100665,36,Female,32848,38,8105,5,Fashion,12,1
100666,59,Female,48966,9,6911,1,Fashion,17,1
100667,34,Male,44577,56,6257,1,Home,16,1
100668,38,Female,31720,9,10905,6,Home,19,1
100669,61,Male,52289,34,16958,6,Home,18,0
100670,39,Male,39012,81,20041,4,Fashion,16,1
100671,46,Male,41660,73,17215,8,Electronics,27,1
100672,62,Male,46887,59,16383,5,Electronics,20,1
100673,43,Male,58332,96,11462,9,Electronics,17,1
100674,49,Male,39751,27,18770,1,Electronics,18,0
100675,39,Male,37355,63,11068,8,Electronics,19,0
100676,41,Female,36668,36,9675,3,Electronics,12,0
100677,20,Other,24235,26,12397,2,Home,10,0
100678,37,Female,35480,29,16039,3,Electronics,15,0
100679,20,Other,38129,93,15308,4,Home,10,1
100680,55,Male,64901,28,10315,9,Fashion,17,0
100681,32,Female,80746,99,18495,1,Home,23,0
100682,42,Female,61867,67,10810,1,Home,15,1
100683,28,Female,55381,13,17823,4,Fashion,25,1
100684,38,Male,57572,95,11819,1,Fashion,18,1
100685,48,Female,52513,20,19373,8,Electronics,10,1
100686,38,Female,48790,41,19111,5,Electronics,15,1
100687,45,Female,53214,88,3815,6,Electronics,15,1
100688,62,Other,38365,44,17099,5,Electronics,18,0
100689,53,Male,57612,25,22307,3,Electronics,17,1
100690,25,Male,34903,80,17074,8,Beauty,17,1
100691,60,Male,37335,72,22774,7,Home,9,1
100692,36,Female,40171,60,18172,5,Home,10,1
100693,29,Male,82319,36,10020,9,Electronics,18,1
100694,41,Male,71807,40,17969,9,Electronics,21,1
100695,52,Male,46290,94,15037,2,Fashion,13,1
100696,37,Male,60585,18,16397,3,Electronics,18,1
100697,65,Male,39472,54,23520,8,Beauty,17,0
100698,69,Female,65834,29,12556,4,Electronics,13,1
100699,41,Male,37499,32,11832,6,Electronics,15,1
100700,24,Female,29265,48,13820,4,Fashion,23,1
100701,56,Female,59778,82,14396,8,Electronics,11,0
100702,43,Male,23895,12,15020,5,Electronics,18,0
100703,55,Male,42987,34,10497,4,Fashion,20,1
100704,60,Female,28563,17,20457,1,Beauty,12,1
100705,21,Male,12644,59,12063,6,Electronics,15,0
100706,31,Male,54121,80,13013,1,Home,12,0
100707,52,Male,50887,38,9215,8,Fashion,18,1
100708,33,Male,75873,25,12035,3,Electronics,19,1
100709,66,Female,81917,1,24403,2,Electronics,17,1
100710,54,Other,67298,88,16296,7,Electronics,13,0
100711,28,Female,10689,31,9426,7,Fashion,17,1
100712,59,Male,47366,22,19974,2,Beauty,18,0
100713,50,Female,37005,81,15731,6,Electronics,15,1
100714,43,Male,33793,71,6973,5,Fashion,13,1
100715,22,Male,69407,77,14571,2,Electronics,15,1
100716,60,Male,44338,11,3175,3,Fashion,11,0
100717,27,Male,24028,24,17471,4,Electronics,18,1
100718,57,Male,65866,72,7079,7,Home,7,1
100719,56,Male,38604,34,17398,4,Home,16,1
100720,56,Male,45704,72,15295,6,Electronics,13,1
100721,42,Female,56673,16,22273,1,Fashion,8,1
100722,35,Female,59775,38,13197,4,Home,15,1
100723,67,Female,52491,91,15432,5,Fashion,15,1
100724,22,Female,61003,97,15031,8,Fashion,19,1
100725,25,Male,31594,28,7918,7,Beauty,17,1
100726,37,Male,42203,94,19663,8,Home,14,1
100727,20,Female,36387,2,18971,7,Fashion,8,0
100728,61,Female,34733,8,19558,9,Electronics,17,1
100729,29,Male,55018,32,11286,6,Electronics,10,1
100730,30,Male,63030,17,16660,4,Electronics,8,1
100731,19,Male,62767,29,20225,2,Electronics,11,1
100732,49,Female,43398,98,18122,1,Home,16,1
100733,28,Male,44915,41,25179,6,Electronics,17,1
100734,54,Female,36289,42,9411,2,Home,15,0
100735,59,Female,25569,48,12568,5,Electronics,19,1
100736,56,Female,16895,31,13482,7,Home,13,0
100737,47,Female,69307,64,11621,2,Fashion,14,1
100738,57,Male,41853,56,10151,6,Electronics,19,0
100739,43,Female,61443,31,15092,4,Fashion,21,1
100740,26,Female,66371,40,11887,1,Fashion,11,1
100741,61,Other,48428,82,18131,2,Home,12,1
100742,47,Female,77502,50,22956,3,Home,14,0
100743,51,Female,48941,65,19477,4,Electronics,9,0
100744,34,Male,49962,3,16790,9,Electronics,20,1
100745,28,Male,54937,57,14023,3,Fashion,15,1
100746,53,Male,43199,15,16066,7,Electronics,16,1
100747,67,Male,50206,4,8688,7,Fashion,14,1
100748,30,Male,85071,99,19204,6,Fashion,17,1
100749,30,Male,58568,64,13927,1,Home,19,0
100750,52,Other,61444,40,7710,7,Fashion,15,1
100751,62,Female,58141,7,20823,6,Fashion,12,1
100752,62,Female,41240,100,8280,8,Fashion,16,1
100753,47,Other,70979,97,15276,3,Electronics,20,1
100754,69,Female,74968,100,12661,3,Fashion,14,1
100755,47,Female,56728,95,25412,7,Home,11,0
100756,25,Male,40938,36,22397,3,Fashion,18,1
100757,57,Male,51885,19,11540,8,Fashion,21,1
100758,42,Male,50227,91,19437,3,Fashion,13,1
100759,52,Female,71187,14,3545,3,Electronics,10,1
100760,55,Female,33205,76,13175,3,Fashion,12,1
100761,50,Female,29771,27,16374,8,Electronics,9,1
100762,55,Female,35214,4,17739,7,Electronics,16,1
100763,39,Male,50440,22,10935,9,Home,20,0
100764,25,Male,14937,25,11866,2,Electronics,15,1
100765,54,Female,30523,97,23728,6,Fashion,15,0
100766,18,Male,47318,71,15509,5,Fashion,7,1
100767,58,Female,79470,24,12992,2,Electronics,17,1
100768,39,Female,72745,79,14937,2,Fashion,15,0
100769,51,Male,43526,44,19064,2,Fashion,6,0
100770,60,Female,63984,81,13352,3,Fashion,12,1
100771,69,Female,40944,64,18792,7,Fashion,13,1
100772,46,Male,49715,84,12502,8,Electronics,15,1
100773,31,Female,33068,77,19674,2,Beauty,9,1
100774,18,Male,56412,75,11803,3,Fashion,16,1
100775,52,Female,65034,25,3476,3,Electronics,13,1
100776,27,Male,63078,78,14595,1,Electronics,16,1
100777,23,Male,43731,20,17920,1,Fashion,14,1
100778,50,Female,57596,95,6105,9,Electronics,10,1
100779,40,Female,50783,72,16714,9,Fashion,16,0
100780,36,Male,53790,9,16711,5,Electronics,16,1
100781,42,Female,31254,20,15627,8,Electronics,17,1
100782,52,Male,37267,67,15970,2,Electronics,13,0
100783,41,Male,51794,2,16624,8,Home,11,1
100784,44,Male,79535,87,14258,6,Beauty,10,1
100785,66,Female,46624,22,25638,5,Fashion,18,1
100786,20,Male,55990,43,12064,6,Home,10,0
100787,35,Male,34417,29,14974,8,Electronics,19,0
100788,22,Female,39374,67,21112,6,Electronics,11,1
100789,24,Female,54807,80,14842,7,Fashion,21,1
100790,56,Male,53138,64,10010,6,Beauty,19,1
100791,29,Male,43885,50,23005,2,Electronics,12,0
100792,40,Female,42401,48,20075,4,Fashion,13,1
100793,27,Male,42326,45,13761,8,Home,14,1
100794,27,Male,40103,19,13561,4,Home,6,1
100795,28,Female,34925,95,22443,7,Electronics,12,1
100796,39,Other,52196,48,4844,8,Electronics,14,1
100797,19,Female,49320,7,20877,5,Fashion,11,1
100798,46,Female,38486,88,18308,2,Beauty,15,1
100799,32,Male,45896,7,12714,8,Fashion,10,1
